{
  "created_at": "2025-09-02T20:48:04.826580",
  "total_flights": 4999,
  "data_sources": {
    "synthetic": 4355,
    "aviationstack_api": 450,
    "opensky_network": 194
  },
  "airlines_covered": 91,
  "routes_covered": 3280,
  "aircraft_types": 12,
  "distance_range_km": {
    "min": 33.94,
    "max": 19306.22,
    "mean": 6843.170832166432
  },
  "emissions_range_kg": {
    "min": 24.63,
    "max": 1964.55,
    "mean": 675.0406281256251
  }
}